City_ID,City,Cloudiness,Country,Date,Humidity,Lat,Lng,Max Temp,Wind Speed
0,Mataura,20,NZ,2021-07-19 19:29:26,95,-46.1927,168.8643,37.47,3.18
1,Hermanus,100,ZA,2021-07-19 19:27:31,83,-34.4187,19.2345,51.91,5.97
2,Vaini,20,TO,2021-07-19 19:29:26,94,-21.2,-175.2,69.96,3.44
3,Avarua,20,CK,2021-07-19 19:29:27,78,-21.2078,-159.775,77.05,17.27
4,Puerto Ayora,78,EC,2021-07-19 19:29:27,85,-0.7393,-90.3518,82.36,7.0
5,Busselton,77,AU,2021-07-19 19:29:27,85,-33.65,115.3333,53.04,11.3
6,Coquimbo,20,CL,2021-07-19 19:25:44,71,-29.9533,-71.3436,55.13,6.91
7,Castro,2,BR,2021-07-19 19:29:28,47,-24.7911,-50.0119,53.01,6.24
8,Kruisfontein,100,ZA,2021-07-19 19:27:48,89,-34.0033,24.7314,54.88,7.78
9,Cape Town,75,ZA,2021-07-19 19:27:18,86,-33.9258,18.4232,54.1,1.99
10,Port Elizabeth,100,ZA,2021-07-19 19:27:34,78,-33.918,25.5701,57.09,13.29
11,Mayo,1,US,2021-07-19 19:27:29,59,38.8876,-76.5119,91.24,1.01
12,Airai,8,TL,2021-07-19 19:24:35,85,-8.9266,125.4092,55.54,3.11
13,Colomi,63,BO,2021-07-19 19:29:29,67,-17.35,-65.8667,66.22,6.49
14,Shenjiamen,57,CN,2021-07-19 19:29:30,89,29.9576,122.298,80.01,10.54
15,Staryy Nadym,0,RU,2021-07-19 19:29:30,76,65.6118,72.6842,55.13,4.52
16,Punta Arenas,75,CL,2021-07-19 19:23:35,75,-53.15,-70.9167,42.91,11.5
17,Qaanaaq,89,GL,2021-07-19 19:24:15,89,77.484,-69.3632,38.37,2.35
18,Vermillion,32,US,2021-07-19 19:21:27,54,42.7794,-96.9292,82.8,5.7
19,Sudak,0,UA,2021-07-19 19:29:31,58,44.85,34.9667,81.39,5.01
20,Warri,100,NG,2021-07-19 19:29:31,88,5.5167,5.75,76.03,6.64
21,Kijang,100,KR,2021-07-19 19:22:17,87,35.2442,129.2139,80.33,5.97
22,Rikitea,99,PF,2021-07-19 19:27:29,61,-23.1203,-134.9692,71.11,21.77
23,Ushuaia,40,AR,2021-07-19 19:27:36,61,-54.8,-68.3,44.26,1.14
24,Maniitsoq,100,GL,2021-07-19 19:29:33,93,65.4167,-52.9,41.88,22.26
25,Hobart,93,AU,2021-07-19 19:27:21,73,-42.8794,147.3294,50.25,4.0
26,Saint George,1,US,2021-07-19 19:22:22,35,37.1041,-113.5841,97.27,3.44
27,Khatanga,100,RU,2021-07-19 19:27:18,63,71.9667,102.5,56.97,3.2
28,Saskylakh,100,RU,2021-07-19 19:28:34,93,71.9167,114.0833,49.73,7.0
29,Atuona,15,PF,2021-07-19 19:25:18,75,-9.8,-139.0333,77.4,26.44
30,Albany,98,US,2021-07-19 19:27:26,84,42.6001,-73.9662,80.31,1.14
31,Lebu,92,CL,2021-07-19 19:25:08,76,-37.6167,-73.65,55.94,14.27
32,Praia Da Vitoria,40,PT,2021-07-19 19:22:42,69,38.7333,-27.0667,77.25,10.71
33,Saldanha,100,ZA,2021-07-19 19:28:07,81,-33.0117,17.9442,55.45,22.19
34,Coihaique,75,CL,2021-07-19 19:29:35,62,-45.5752,-72.0662,51.75,6.91
35,Raisen,100,IN,2021-07-19 19:29:35,76,23.3333,77.8,81.21,6.49
36,Rio Gallegos,40,AR,2021-07-19 19:29:36,40,-51.6226,-69.2181,51.85,10.36
37,Pangai,20,TO,2021-07-19 19:26:15,83,-19.8,-174.35,77.11,4.61
38,Bethel,90,US,2021-07-19 19:28:22,77,41.3712,-73.414,79.43,3.0
39,Duma,83,CN,2021-07-19 19:29:37,92,34.7653,108.135,68.02,2.04
40,Calama,20,CL,2021-07-19 19:29:37,6,-22.4667,-68.9333,73.89,21.85
41,Zaysan,10,KZ,2021-07-19 19:29:37,31,47.4667,84.8667,68.74,7.16
42,Ihosy,91,MG,2021-07-19 19:29:38,90,-22.4,46.1167,59.63,10.38
43,Rawson,100,AR,2021-07-19 19:20:53,29,-43.3002,-65.1023,62.19,8.57
44,Soyo,10,AO,2021-07-19 19:29:38,82,-6.1349,12.3689,72.75,9.89
45,Touros,47,BR,2021-07-19 19:21:38,70,-5.1989,-35.4608,76.1,14.58
46,Cabo San Lucas,20,MX,2021-07-19 19:22:04,46,22.8909,-109.9124,98.51,12.66
47,Alpena,1,US,2021-07-19 19:26:16,37,45.0617,-83.4327,88.12,8.05
48,Sassandra,70,CI,2021-07-19 19:29:40,80,4.95,-6.0833,75.76,8.23
49,Abu Samrah,0,SY,2021-07-19 19:29:40,27,35.3029,37.1841,87.03,8.34
50,Narsaq,100,GL,2021-07-19 19:27:46,98,60.9167,-46.05,52.02,4.74
51,Butaritari,100,KI,2021-07-19 19:28:19,71,3.0707,172.7902,82.94,10.51
52,Dubti,100,ET,2021-07-19 19:29:41,36,11.7361,41.0853,93.18,9.48
53,Mahebourg,40,MU,2021-07-19 19:20:59,73,-20.4081,57.7,71.89,16.11
54,Torbay,100,CA,2021-07-19 19:27:42,74,47.6666,-52.7314,76.28,14.0
55,Lavrentiya,100,RU,2021-07-19 19:24:39,99,65.5833,-171.0,45.3,4.9
56,Sitka,20,US,2021-07-19 19:29:05,63,57.0531,-135.33,64.29,3.44
57,Poum,100,NC,2021-07-19 19:29:42,83,-20.2333,164.0167,70.75,6.02
58,Jodhpur,100,IN,2021-07-19 19:29:42,66,26.2867,73.03,86.43,20.04
59,Doha,0,QA,2021-07-19 19:25:55,70,25.2867,51.5333,93.18,5.75
60,West Wendover,20,US,2021-07-19 19:29:43,29,40.7391,-114.0733,88.81,25.32
61,Ribeira Grande,40,PT,2021-07-19 19:27:22,78,38.5167,-28.7,73.8,16.11
62,Hilo,20,US,2021-07-19 19:23:07,85,19.7297,-155.09,81.28,3.44
63,Cherskiy,99,RU,2021-07-19 19:27:27,57,68.75,161.3,50.79,7.63
64,Djambala,100,CG,2021-07-19 19:29:44,41,-2.5447,14.7533,77.81,6.04
65,Kuusamo,20,FI,2021-07-19 19:27:10,62,65.9667,29.1833,57.24,11.5
66,Nikolskoye,0,RU,2021-07-19 19:29:44,74,59.7035,30.7861,64.29,4.68
67,Buraydah,78,SA,2021-07-19 19:21:21,14,26.326,43.975,100.85,11.18
68,Mapastepec,43,MX,2021-07-19 19:29:45,61,15.4333,-92.9,89.49,6.55
69,Bima,54,ID,2021-07-19 19:23:04,92,-8.4667,118.7167,71.4,3.27
70,Abu Zabad,25,SD,2021-07-19 19:29:45,55,12.35,29.25,83.53,10.22
71,Portland,20,US,2021-07-19 19:28:18,44,45.5234,-122.6762,84.11,1.01
72,Moguer,0,ES,2021-07-19 19:29:46,61,37.2756,-6.8385,75.88,5.99
73,Victoria,100,HK,2021-07-19 19:25:18,92,22.2855,114.1577,81.32,8.99
74,Kodiak,1,US,2021-07-19 19:24:44,77,57.79,-152.4072,60.31,4.61
75,Aklavik,75,CA,2021-07-19 19:21:24,60,68.2191,-135.0107,72.43,8.05
76,Lompoc,1,US,2021-07-19 19:28:38,64,34.6391,-120.4579,90.21,4.0
77,Jamestown,1,US,2021-07-19 19:27:58,55,42.097,-79.2353,83.52,3.0
78,Leme,100,BR,2021-07-19 19:29:47,13,-22.1856,-47.3903,70.63,9.04
79,Manggar,52,ID,2021-07-19 19:29:48,81,-2.8833,108.2667,80.67,7.61
80,Hami,100,CN,2021-07-19 19:21:03,18,42.8,93.45,86.16,3.56
81,Mardan,100,PK,2021-07-19 19:29:48,83,34.2019,72.0525,82.94,9.75
82,Graaff-Reinet,11,ZA,2021-07-19 19:29:49,17,-32.2522,24.5308,58.93,10.6
83,Barrow,90,US,2021-07-19 19:27:45,87,71.2906,-156.7887,42.82,5.75
84,Byron Bay,0,AU,2021-07-19 19:29:49,73,-28.65,153.6167,47.88,9.42
85,New Norfolk,94,AU,2021-07-19 19:27:28,77,-42.7826,147.0587,49.91,1.01
86,Pacific Grove,1,US,2021-07-19 19:29:50,82,36.6177,-121.9166,92.01,5.01
87,Tasiilaq,100,GL,2021-07-19 19:27:47,88,65.6145,-37.6368,50.16,8.81
88,Barentu,100,ER,2021-07-19 19:29:50,61,15.1139,37.5928,77.76,5.32
89,Lorengau,100,PG,2021-07-19 19:22:31,84,-2.0226,147.2712,79.47,4.29
90,La Ronge,75,CA,2021-07-19 19:29:51,59,55.1001,-105.2842,62.85,8.05
91,Kaitangata,13,NZ,2021-07-19 19:29:51,85,-46.2817,169.8464,42.93,5.35
92,Kloulklubed,100,PW,2021-07-19 19:23:09,73,7.0419,134.2556,77.5,3.62
93,Kurilsk,100,RU,2021-07-19 19:29:52,95,45.2333,147.8833,59.13,1.54
94,Celestun,50,MX,2021-07-19 19:29:52,62,20.8667,-90.4,86.86,12.28
95,Vestmannaeyjar,40,IS,2021-07-19 19:27:24,87,63.4427,-20.2734,54.59,18.41
96,Bluff,25,NZ,2021-07-19 19:21:11,86,-46.6,168.3333,37.8,10.71
97,Chokurdakh,100,RU,2021-07-19 19:28:48,52,70.6333,147.9167,55.38,7.9
98,Broken Hill,100,AU,2021-07-19 19:29:53,61,-31.95,141.4333,47.91,12.66
99,Ancud,100,CL,2021-07-19 19:28:45,98,-41.8697,-73.8203,53.13,8.28
100,Tshikapa,40,CD,2021-07-19 19:29:54,27,-6.4167,20.8,76.35,2.37
101,Ahipara,26,NZ,2021-07-19 19:21:08,73,-35.1667,173.1667,53.4,7.4
102,Cururupu,27,BR,2021-07-19 19:25:38,73,-1.8283,-44.8683,83.34,4.14
103,Vao,51,NC,2021-07-19 19:27:56,70,-22.6667,167.4833,69.22,11.9
104,Bredasdorp,100,ZA,2021-07-19 19:27:56,82,-34.5322,20.0403,52.92,3.44
105,Yellowknife,90,CA,2021-07-19 19:27:37,67,62.456,-114.3525,70.29,9.22
106,Mar Del Plata,0,AR,2021-07-19 19:27:55,58,-38.0023,-57.5575,55.87,5.99
107,Matli,99,PK,2021-07-19 19:29:55,76,25.0431,68.6557,83.91,23.55
108,Bambous Virieux,40,MU,2021-07-19 19:28:39,73,-20.3428,57.7575,71.85,16.11
109,Bathsheba,20,BB,2021-07-19 19:29:05,66,13.2167,-59.5167,86.61,24.16
110,Dwarka,100,IN,2021-07-19 19:29:56,81,22.2394,68.9678,83.14,26.19
111,Zabol,0,AF,2021-07-19 19:27:51,15,32.25,67.25,81.34,11.27
112,Olinda,75,BR,2021-07-19 19:23:10,78,-8.0089,-34.8553,76.73,2.3
113,Seymchan,92,RU,2021-07-19 19:29:57,61,62.8833,152.4333,52.56,5.19
114,Rokupr,99,SL,2021-07-19 19:29:58,94,8.6717,-12.395,76.12,4.56
115,Necocli,53,CO,2021-07-19 19:29:58,67,8.4234,-76.786,85.77,5.7
116,Ambovombe,80,MG,2021-07-19 19:29:59,78,-25.1667,46.0833,67.6,9.48
117,Hervey Bay,0,AU,2021-07-19 19:29:59,59,-25.2986,152.8535,53.02,1.01
118,Pevek,28,RU,2021-07-19 19:27:42,88,69.7008,170.3133,37.65,3.69
119,Arman,48,RU,2021-07-19 19:29:59,66,59.7,150.1667,54.25,6.24
120,Sakaiminato,70,JP,2021-07-19 19:21:54,88,35.55,133.2333,73.38,2.3
121,Asau,99,RO,2021-07-19 19:22:53,98,46.4333,26.4,68.92,5.14
122,Cairns,90,AU,2021-07-19 19:30:00,89,-16.9167,145.7667,72.07,6.91
123,Meulaboh,100,ID,2021-07-19 19:26:43,91,4.1363,96.1285,75.88,4.29
124,Guayaquil,75,EC,2021-07-19 19:26:06,65,-2.1667,-79.9,82.36,10.36
125,Miri,20,MY,2021-07-19 19:30:01,94,4.4148,114.0089,77.14,0.0
126,Dikson,0,RU,2021-07-19 19:27:33,82,73.5069,80.5464,38.19,7.65
127,Lasa,22,IT,2021-07-19 19:30:03,75,46.6166,10.7002,76.91,4.9
128,Hirado,100,JP,2021-07-19 19:30:03,76,33.3597,129.5531,73.38,4.92
129,Tiksi,100,RU,2021-07-19 19:27:48,88,71.6872,128.8694,54.39,9.24
130,Nantucket,1,US,2021-07-19 19:28:19,63,41.2835,-70.0995,78.91,14.97
131,Havelock,75,US,2021-07-19 19:30:05,83,34.8791,-76.9013,82.36,8.01
132,Ammon,1,US,2021-07-19 19:30:05,26,43.4696,-111.9666,90.1,18.41
133,Kapaa,90,US,2021-07-19 19:27:26,80,22.0752,-159.319,80.92,1.99
134,Anloga,57,GH,2021-07-19 19:21:51,85,5.7947,0.8973,79.02,15.75
135,Mehamn,40,NO,2021-07-19 19:30:06,71,71.0357,27.8492,48.15,8.05
136,Talcahuano,0,CL,2021-07-19 19:30:06,55,-36.7167,-73.1167,58.68,8.05
137,Matara,99,LK,2021-07-19 19:30:07,83,5.9485,80.5353,79.65,13.2
138,East London,1,ZA,2021-07-19 19:27:21,24,-33.0153,27.9116,66.67,6.02
139,Cody,1,US,2021-07-19 19:30:07,13,44.5263,-109.0565,97.92,4.61
140,Batemans Bay,8,AU,2021-07-19 19:23:18,73,-35.7167,150.1833,42.91,5.93
141,Isangel,18,VU,2021-07-19 19:30:08,88,-19.55,169.2667,73.54,5.73
142,Avera,100,US,2021-07-19 19:22:34,84,33.194,-82.5271,87.67,5.75
143,Benjamin Constant,90,BR,2021-07-19 19:30:08,83,-4.3831,-70.0311,77.13,4.61
144,Maraa,99,BR,2021-07-19 19:28:35,70,-1.8333,-65.3667,82.89,3.67
145,Aksu,89,CN,2021-07-19 19:21:57,57,41.1231,80.2644,71.06,6.71
146,Maine-Soroa,2,NE,2021-07-19 19:30:09,45,13.2114,12.0241,85.69,12.24
147,Constitucion,19,CL,2021-07-19 19:30:10,50,-35.3333,-72.4167,60.33,11.23
148,Gasa,7,PS,2021-07-19 19:30:10,70,31.5,34.4667,83.91,10.51
149,Arraial Do Cabo,0,BR,2021-07-19 19:30:11,60,-22.9661,-42.0278,69.76,13.8
150,Honiara,100,SB,2021-07-19 19:27:24,82,-9.4333,159.95,74.93,4.27
151,Coahuayana,54,MX,2021-07-19 19:30:11,54,18.7333,-103.6833,87.28,6.02
152,Nanortalik,100,GL,2021-07-19 19:27:55,98,60.1432,-45.2371,44.08,6.46
153,Salta,0,AR,2021-07-19 19:30:12,38,-24.7859,-65.4117,59.59,8.01
154,Lulea,90,SE,2021-07-19 19:30:12,55,65.5842,22.1547,60.87,8.05
155,Cockburn Town,100,TC,2021-07-19 19:30:13,84,21.4612,-71.1419,81.81,19.75
156,Longyearbyen,75,SJ,2021-07-19 19:27:35,81,78.2186,15.6401,42.64,3.44
157,Nizhniy Ufaley,53,RU,2021-07-19 19:30:13,79,55.9153,59.9842,60.55,1.21
158,Key West,20,US,2021-07-19 19:30:00,62,24.5557,-81.7826,88.0,11.5
159,Margate,1,GB,2021-07-19 19:21:31,76,51.3813,1.3862,73.96,11.65
160,Boende,83,CD,2021-07-19 19:30:14,51,-0.2167,20.8667,79.99,3.38
161,Paita,8,PE,2021-07-19 19:30:14,73,-5.0892,-81.1144,77.56,14.56
162,Severo-Kurilsk,93,RU,2021-07-19 19:28:21,97,50.6789,156.125,49.8,9.69
163,Erenhot,5,CN,2021-07-19 19:21:37,43,43.6475,111.9767,80.26,10.2
164,Karatu,16,TZ,2021-07-19 19:30:15,59,-3.3333,35.6667,60.53,2.82
165,Linqiong,52,CN,2021-07-19 19:30:16,88,30.4159,103.4609,75.02,3.02
166,Saint-Philippe,83,RE,2021-07-19 19:28:29,79,-21.3585,55.7679,69.39,17.29
167,Bengkulu,74,ID,2021-07-19 19:30:16,91,-3.8004,102.2655,75.18,5.46
168,Powell River,20,CA,2021-07-19 19:27:36,64,49.8496,-124.5361,79.09,8.05
169,Port Alfred,4,ZA,2021-07-19 19:27:18,83,-33.5906,26.891,61.52,13.51
170,Marzuq,100,YE,2021-07-19 19:23:13,50,14.4,46.4667,83.5,5.32
171,Ust-Uda,0,RU,2021-07-19 19:30:17,90,54.1742,103.0304,54.54,1.7
172,Baykit,63,RU,2021-07-19 19:30:17,99,61.67,96.37,53.96,3.89
173,Sampit,32,ID,2021-07-19 19:23:32,99,-2.5333,112.95,74.5,1.45
174,Chuncheng,100,CN,2021-07-19 19:30:18,94,22.1731,111.7886,77.05,8.05
175,Capoterra,0,IT,2021-07-19 19:30:19,69,39.1763,8.9718,80.31,6.91
176,Thompson,40,CA,2021-07-19 19:21:12,39,55.7435,-97.8558,66.36,0.0
177,Faya,97,SA,2021-07-19 19:30:19,68,18.3851,42.4509,64.51,2.37
178,Mahajanga,75,MG,2021-07-19 19:30:20,50,-15.7167,46.3167,80.62,6.91
179,Sao Miguel Do Araguaia,0,BR,2021-07-19 19:30:20,19,-13.275,-50.1628,93.52,3.56
180,Ballina,0,AU,2021-07-19 19:30:20,93,-28.8667,153.5667,42.98,0.0
181,Provideniya,90,RU,2021-07-19 19:30:21,87,64.3833,-173.3,48.31,6.71
182,Leningradskiy,100,RU,2021-07-19 19:30:21,85,69.3833,178.4167,40.46,1.28
183,Seoul,0,KR,2021-07-19 19:28:12,97,37.5683,126.9778,74.71,2.3
184,Bar Harbor,90,US,2021-07-19 19:29:28,86,44.3876,-68.2039,71.53,1.99
185,Matata,2,NZ,2021-07-19 19:30:22,88,-37.8833,176.75,51.85,7.11
186,Aviles,40,ES,2021-07-19 19:30:23,77,43.5547,-5.9248,72.77,4.0
187,Lagoa,55,PT,2021-07-19 19:28:42,86,39.05,-27.9833,69.49,21.32
188,Quang Ngai,100,VN,2021-07-19 19:30:23,91,15.1167,108.8,76.41,6.13
189,Souillac,40,MU,2021-07-19 19:28:23,73,-20.5167,57.5167,71.98,16.11
190,Genhe,100,CN,2021-07-19 19:27:52,98,50.7833,121.5167,63.52,2.13
191,Vung Tau,100,VN,2021-07-19 19:30:24,84,10.346,107.0843,80.26,14.27
192,Rongcheng,99,CN,2021-07-19 19:30:25,89,30.634,117.8517,75.97,2.95
193,Dimona,27,IL,2021-07-19 19:30:25,68,31.0667,35.0333,74.86,19.71
194,Norman Wells,40,CA,2021-07-19 19:27:44,56,65.282,-126.8329,73.44,11.5
195,Beringovskiy,100,RU,2021-07-19 19:30:26,98,63.05,179.3167,45.32,5.28
196,Erdenet,100,MN,2021-07-19 19:30:26,90,49.0333,104.0833,48.31,3.02
197,Andrews,1,US,2021-07-19 19:30:27,54,32.3187,-102.5457,87.28,3.44
198,Yelanskiy,5,RU,2021-07-19 19:30:27,83,56.8419,62.5014,60.04,2.37
199,Talnakh,100,RU,2021-07-19 19:30:27,70,69.4865,88.3972,50.95,6.53
200,Saquena,73,PE,2021-07-19 19:30:28,86,-4.6667,-73.5167,80.2,3.49
201,General Pico,3,AR,2021-07-19 19:30:28,31,-35.6566,-63.7568,58.6,10.36
202,Neiafu,40,TO,2021-07-19 19:30:29,83,-18.65,-173.9833,77.68,0.0
203,Carnarvon,4,AU,2021-07-19 19:27:50,63,-24.8667,113.6333,55.47,8.05
204,Pendleton,1,US,2021-07-19 19:25:35,27,45.6721,-118.7886,86.43,8.05
205,Belmonte,1,BR,2021-07-19 19:26:18,72,-15.8631,-38.8828,79.3,8.88
206,Birjand,0,IR,2021-07-19 19:30:30,13,32.8663,59.2211,79.27,4.61
207,Maragogi,39,BR,2021-07-19 19:30:30,82,-9.0122,-35.2225,76.51,8.86
208,Muros,12,ES,2021-07-19 19:27:24,78,42.7762,-9.0603,78.67,7.43
209,Fukue,100,JP,2021-07-19 19:28:26,81,32.6881,128.8419,79.81,6.82
210,San Cristobal,86,VE,2021-07-19 19:23:19,75,7.7669,-72.225,80.78,7.99
211,Liku,58,ID,2021-07-19 19:26:39,92,-0.7275,119.8922,74.7,4.0
212,Ryazanovskiy,99,RU,2021-07-19 19:30:32,80,55.55,39.4333,69.28,5.28
213,Henties Bay,0,NA,2021-07-19 19:30:32,76,-22.116,14.2845,60.85,6.6
214,Zhigansk,6,RU,2021-07-19 19:22:46,83,66.7697,123.3711,57.09,8.52
215,Nanakuli,90,US,2021-07-19 19:30:32,76,21.3906,-158.1547,82.35,5.75
216,Whitehorse,40,CA,2021-07-19 19:30:07,43,60.7161,-135.0538,70.57,4.61
217,Eufaula,75,US,2021-07-19 19:29:32,94,31.8913,-85.1455,79.23,3.44
218,Pandan,100,PH,2021-07-19 19:30:33,78,14.0453,124.1694,81.43,13.15
219,Mnogovershinnyy,100,RU,2021-07-19 19:30:34,68,53.9353,139.9242,60.53,2.62
220,Tuktoyaktuk,75,CA,2021-07-19 19:28:12,68,69.4541,-133.0374,64.4,12.66
221,Siocon,75,PH,2021-07-19 19:30:34,87,7.7061,122.1353,78.58,2.82
222,Minamiashigara,8,JP,2021-07-19 19:30:35,87,35.3193,139.099,79.39,1.79
223,Indianola,45,US,2021-07-19 19:30:35,59,41.3581,-93.5574,84.0,5.86
224,Ilulissat,75,GL,2021-07-19 19:27:59,71,69.2167,-51.1,50.02,4.61
225,Bubaque,74,GW,2021-07-19 19:21:25,80,11.2833,-15.8333,80.82,12.28
226,Vila Velha,75,BR,2021-07-19 19:24:02,68,-20.3297,-40.2925,76.96,12.66
227,Birao,50,CF,2021-07-19 19:30:37,92,10.2849,22.7882,72.63,4.7
228,Wadi Maliz,0,TN,2021-07-19 19:23:30,56,36.4681,8.5495,80.26,5.37
229,Port Hedland,31,AU,2021-07-19 19:30:38,51,-20.3167,118.5667,59.05,6.91
230,La Tuque,91,CA,2021-07-19 19:29:19,45,47.4334,-72.7824,84.45,6.91
231,Hofn,0,IS,2021-07-19 19:30:39,72,64.2539,-15.2082,57.22,10.36
232,Clyde River,90,CA,2021-07-19 19:30:39,70,70.4692,-68.5914,43.03,9.22
233,Nyamati,98,IN,2021-07-19 19:30:40,89,14.15,75.5833,70.79,11.07
234,Cam Ranh,40,VN,2021-07-19 19:30:40,61,11.9214,109.1591,82.36,8.05
235,Muhororo,49,UG,2021-07-19 19:30:41,79,0.9381,30.7594,63.77,1.81
236,Kapchorwa,87,UG,2021-07-19 19:27:13,88,1.3965,34.4509,56.73,4.21
237,Georgetown,20,MY,2021-07-19 19:30:41,86,5.4112,100.3354,81.9,0.0
238,Dryden,90,CA,2021-07-19 19:30:07,88,49.7833,-92.7503,70.09,12.66
239,Oswego,6,US,2021-07-19 19:30:42,74,43.4501,-76.1497,83.52,3.0
240,High Prairie,82,CA,2021-07-19 19:30:42,54,55.4334,-116.4858,61.9,3.71
241,Amol,0,IR,2021-07-19 19:30:43,71,36.4696,52.3507,80.01,1.72
242,Quatre Cocos,67,MU,2021-07-19 19:26:29,71,-20.2078,57.7625,71.71,21.94
243,Nortelandia,1,BR,2021-07-19 19:30:43,24,-14.4547,-56.8028,83.86,7.36
244,Sangar,100,RU,2021-07-19 19:30:44,97,63.9242,127.4739,60.48,3.31
245,Bollnas,100,SE,2021-07-19 19:30:44,57,61.3482,16.3946,58.39,2.39
246,Nagar,97,IN,2021-07-19 19:30:44,87,27.4333,77.1,80.33,3.33
247,Zabid,100,YE,2021-07-19 19:30:45,47,14.1951,43.3152,90.03,15.03
248,Te Anau,91,NZ,2021-07-19 19:27:50,92,-45.4167,167.7167,35.73,0.96
249,Nueva Gerona,37,CU,2021-07-19 19:30:46,64,21.8833,-82.8,86.54,10.16
250,Linhares,18,BR,2021-07-19 19:30:46,74,-19.3911,-40.0722,74.44,9.69
251,Belyy Yar,0,RU,2021-07-19 19:30:46,100,53.6039,91.3903,53.49,4.47
252,Richards Bay,0,ZA,2021-07-19 19:30:47,73,-28.783,32.0377,62.74,13.18
253,Luderitz,0,NA,2021-07-19 19:26:54,74,-26.6481,15.1594,59.9,11.99
254,Launceston,75,AU,2021-07-19 19:30:47,94,-41.45,147.1667,47.84,1.99
255,Leh,9,IN,2021-07-19 19:30:48,48,34.1667,77.5833,64.36,3.65
256,Lebanon,20,US,2021-07-19 19:27:41,68,36.2081,-86.2911,84.49,6.91
257,Galesong,20,ID,2021-07-19 19:30:48,73,-5.3166,119.3661,69.82,2.1
258,Upernavik,98,GL,2021-07-19 19:30:49,81,72.7868,-56.1549,40.93,7.87
259,Sinnamary,100,GF,2021-07-19 19:30:49,90,5.3833,-52.95,76.48,9.08
260,Fort Wellington,25,GY,2021-07-19 19:28:21,66,6.4,-57.6,84.04,6.8
261,Joshimath,100,IN,2021-07-19 19:30:50,95,30.5667,79.5667,71.2,1.14
262,Wagar,100,SD,2021-07-19 19:30:50,54,16.1525,36.2032,87.12,8.88
263,Kavaratti,98,IN,2021-07-19 19:30:51,76,10.5669,72.642,82.29,17.76
264,Boguchany,24,RU,2021-07-19 19:30:51,96,58.3814,97.4531,56.39,1.25
265,Taltal,26,CL,2021-07-19 19:30:52,66,-25.4,-70.4833,64.81,7.72
266,Male,20,MV,2021-07-19 19:28:41,79,4.1748,73.5089,84.15,8.05
267,North Bend,1,US,2021-07-19 19:30:52,66,43.4065,-124.2243,78.94,16.11
268,San Jose,40,US,2021-07-19 19:26:25,39,37.3394,-121.895,93.78,5.01
269,Hasaki,1,JP,2021-07-19 19:30:53,91,35.7333,140.8333,73.69,6.26
270,Tual,83,ID,2021-07-19 19:30:53,83,-5.6667,132.75,80.19,21.09
271,Myitkyina,82,MM,2021-07-19 19:30:54,98,25.3833,97.4,77.43,0.49
272,Olafsvik,100,IS,2021-07-19 19:30:54,93,64.8945,-23.7142,53.44,7.9
273,Selikhino,95,RU,2021-07-19 19:30:55,92,50.3672,137.4996,68.07,1.7
274,Iwamizawa,32,JP,2021-07-19 19:30:55,95,43.2003,141.7597,74.08,1.97
275,Sao Filipe,26,CV,2021-07-19 19:30:55,84,14.8961,-24.4956,75.22,7.65
276,Itarema,54,BR,2021-07-19 19:26:59,67,-2.9248,-39.9167,82.51,16.62
277,Koungou,0,YT,2021-07-19 19:30:56,73,-12.7336,45.2042,76.71,8.05
278,Namibe,100,AO,2021-07-19 19:30:56,85,-15.1961,12.1522,66.87,2.21
279,Bara,54,NG,2021-07-19 19:30:57,73,10.3744,10.7288,78.26,7.81
280,Mount Gambier,75,AU,2021-07-19 19:28:08,93,-37.8333,140.7667,48.11,17.27
281,Drayton Valley,93,CA,2021-07-19 19:30:58,65,53.2168,-114.9854,61.92,10.22
282,Kavieng,100,PG,2021-07-19 19:28:09,78,-2.5744,150.7967,80.64,8.01
283,Mayya,95,RU,2021-07-19 19:30:58,70,61.7333,130.2811,63.72,4.56
284,Guye,43,CN,2021-07-19 19:30:58,94,39.7333,118.4167,70.83,4.36
285,Ponta Do Sol,5,PT,2021-07-19 19:30:59,79,32.6667,-17.1,77.0,4.05
286,Hithadhoo,81,MV,2021-07-19 19:27:47,70,-0.6,73.0833,82.42,4.76
287,Porbandar,100,IN,2021-07-19 19:31:00,81,21.6422,69.6093,82.94,22.44
288,Zhongshu,89,CN,2021-07-19 19:31:00,97,24.5167,103.7667,60.76,2.73
289,Piacabucu,6,BR,2021-07-19 19:31:00,82,-10.4056,-36.4344,76.51,10.02
290,Elliot Lake,37,CA,2021-07-19 19:31:01,41,46.3834,-82.6331,80.69,8.3
291,Saint-Joseph,46,RE,2021-07-19 19:21:50,78,-21.3667,55.6167,68.38,17.47
292,Kon Tum,100,VN,2021-07-19 19:31:01,99,14.35,108.0,70.84,3.51
293,Grindavik,75,IS,2021-07-19 19:31:02,87,63.8424,-22.4338,52.27,8.05
294,Faanui,100,PF,2021-07-19 19:28:58,75,-16.4833,-151.75,79.45,23.87
295,Kasongo-Lunda,100,CD,2021-07-19 19:22:05,28,-6.4667,16.8167,75.33,2.89
296,Nadym,4,RU,2021-07-19 19:31:03,80,65.5333,72.5167,53.53,3.44
297,Hualmay,29,PE,2021-07-19 19:23:04,68,-11.0964,-77.6139,68.22,11.23
298,Kyshtovka,97,RU,2021-07-19 19:31:04,87,56.555,76.6271,55.81,2.42
299,Husavik,97,IS,2021-07-19 19:31:04,84,66.0449,-17.3389,51.71,3.33
300,Wad Rawah,100,SD,2021-07-19 19:31:05,36,15.1603,33.1397,92.46,7.18
301,Agadir,0,MA,2021-07-19 19:29:00,35,30.4202,-9.5982,77.45,11.59
302,Hamilton,20,US,2021-07-19 19:27:29,54,39.1834,-84.5333,86.76,1.01
303,El Dorado,92,US,2021-07-19 19:31:06,25,38.7666,-120.5177,93.22,10.58
304,Kovrov,100,RU,2021-07-19 19:31:06,91,56.3572,41.3192,66.79,3.4
305,Bowen,1,AU,2021-07-19 19:28:56,85,-20.0167,148.2333,48.42,5.57
306,Rennes,0,FR,2021-07-19 19:31:07,42,48.1667,-1.6667,84.24,9.22
307,College,40,US,2021-07-19 19:28:09,55,64.8569,-147.8028,72.09,3.44
308,Deniliquin,100,AU,2021-07-19 19:31:07,79,-35.5333,144.9667,46.0,9.95
309,Halifax,90,CA,2021-07-19 19:17:32,87,44.6453,-63.5724,81.41,3.0
310,Cotonou,40,BJ,2021-07-19 19:31:08,78,6.3654,2.4183,80.58,13.8
311,Jutai,57,BR,2021-07-19 19:31:08,44,-5.1833,-68.9,89.28,4.9
312,Dapaong,100,TG,2021-07-19 19:27:13,60,10.8639,0.205,83.44,10.83
313,Sisimiut,100,GL,2021-07-19 19:31:09,81,66.9395,-53.6735,43.43,26.17
314,Adiake,44,CI,2021-07-19 19:31:09,83,5.2863,-3.304,78.39,8.03
315,Snasa,100,NO,2021-07-19 19:31:09,97,64.2457,12.3778,51.21,13.56
316,Chuy,5,UY,2021-07-19 19:27:58,68,-33.6971,-53.4616,53.98,11.1
317,Vila Franca Do Campo,68,PT,2021-07-19 19:31:10,81,37.7167,-25.4333,70.21,11.43
318,Lisakovsk,0,KZ,2021-07-19 19:31:10,84,52.5369,62.4936,64.13,5.97
319,Morant Bay,31,JM,2021-07-19 19:31:11,72,17.8815,-76.4093,90.63,14.16
320,Makurdi,66,NG,2021-07-19 19:31:11,93,7.7411,8.5121,74.68,5.12
321,Kununurra,12,AU,2021-07-19 19:31:12,76,-15.7667,128.7333,55.38,0.0
322,Mvangue,7,CM,2021-07-19 19:31:12,97,2.9667,11.5167,67.32,3.11
323,Pisco,20,PE,2021-07-19 19:28:28,77,-13.7,-76.2167,64.45,10.36
324,Fortuna,1,US,2021-07-19 19:31:13,76,40.5982,-124.1573,67.93,5.01
325,San Patricio,81,US,2021-07-19 19:31:13,43,28.017,-97.5169,95.09,6.4
326,Esperance,96,AU,2021-07-19 19:27:57,80,-33.8667,121.9,51.64,9.28
327,Buala,73,SB,2021-07-19 19:31:14,82,-8.145,159.5921,78.08,5.06
328,Pinillos,8,CO,2021-07-19 19:31:14,38,8.9193,-74.4677,97.9,2.39
329,Peniche,98,PT,2021-07-19 19:31:14,83,39.3558,-9.3811,66.88,16.4
330,Point Fortin,100,TT,2021-07-19 19:31:15,71,10.1833,-61.6833,87.73,15.55
331,Lampa,0,CL,2021-07-19 19:31:16,15,-33.2833,-70.9,77.07,13.8
332,Along,100,IN,2021-07-19 19:31:16,99,28.1667,94.7667,75.56,0.49
333,Alofi,40,NU,2021-07-19 19:31:16,100,-19.0595,-169.9187,69.69,4.61
334,Paamiut,12,GL,2021-07-19 19:31:17,83,61.994,-49.6678,43.47,3.11
335,Tazovskiy,100,RU,2021-07-19 19:31:17,70,67.4667,78.7,47.21,6.29
336,Biltine,100,TD,2021-07-19 19:31:18,52,14.5333,20.9167,81.64,14.83
337,Mauguio,0,FR,2021-07-19 19:31:18,73,43.6181,4.0074,84.29,6.91
338,Nong Bua,100,TH,2021-07-19 19:31:18,91,15.8646,100.5858,75.76,6.93
339,Tuatapere,65,NZ,2021-07-19 19:26:53,90,-46.1333,167.6833,37.81,4.97
340,Codrington,100,AU,2021-07-19 19:31:19,93,-38.2667,141.9667,48.47,11.72
341,Batagay-Alyta,54,RU,2021-07-19 19:31:19,70,67.8006,130.4114,60.4,7.49
342,Palaia Fokaia,0,GR,2021-07-19 19:31:20,81,37.72,23.9463,82.85,16.22
343,Oktyabrskiy,22,RU,2021-07-19 19:22:34,63,54.4815,53.471,69.91,3.4
344,Ostrovnoy,93,RU,2021-07-19 19:21:52,82,68.0531,39.5131,51.1,9.17
345,Skjervoy,71,NO,2021-07-19 19:31:21,85,70.0311,20.9714,46.58,34.69
346,Hambantota,100,LK,2021-07-19 19:31:21,79,6.1241,81.1185,80.78,19.39
347,Usinsk,99,RU,2021-07-19 19:31:21,53,65.9939,57.5281,65.71,12.33
348,Yanam,100,IN,2021-07-19 19:21:22,88,16.7333,82.2167,79.11,5.86
349,Abha,40,SA,2021-07-19 19:31:22,82,18.2164,42.5053,64.22,17.27
350,Yar-Sale,72,RU,2021-07-19 19:25:24,74,66.8333,70.8333,52.66,8.19
351,Saint-Georges,40,GD,2021-07-19 19:31:23,74,12.0564,-61.7485,85.68,23.02
352,Ilinskiy,0,RU,2021-07-19 19:31:23,73,55.619,38.1182,73.98,6.71
353,Kendari,95,ID,2021-07-19 19:31:23,94,-3.945,122.4989,73.47,2.13
354,Nazarovo,1,RU,2021-07-19 19:31:24,90,56.0064,90.3914,53.22,2.35
355,Haines Junction,26,CA,2021-07-19 19:26:42,72,60.7522,-137.5108,62.55,3.44
356,Kalmunai,100,LK,2021-07-19 19:31:24,73,7.4167,81.8167,81.88,5.64
357,Khandyga,100,RU,2021-07-19 19:31:25,50,62.6667,135.6,62.71,5.28
358,Popondetta,37,PG,2021-07-19 19:31:25,90,-8.7537,148.2534,72.75,2.62
359,Dinguiraye,62,GN,2021-07-19 19:31:26,74,11.3,-10.7167,77.34,4.29
360,Egvekinot,100,RU,2021-07-19 19:31:26,87,66.3167,-179.1667,38.82,9.28
361,Conceicao Do Araguaia,0,BR,2021-07-19 19:31:26,22,-8.2578,-49.2647,98.73,4.61
362,Caravelas,0,BR,2021-07-19 19:31:27,81,-17.7125,-39.2481,75.42,8.21
363,Sandnessjoen,75,NO,2021-07-19 19:31:27,93,66.0217,12.6316,51.78,8.05
364,Honningsvag,75,NO,2021-07-19 19:22:18,71,70.9821,25.9704,47.73,20.71
365,Tabou,77,CI,2021-07-19 19:31:28,75,4.423,-7.3528,76.55,11.32
366,Nuuk,75,GL,2021-07-19 19:31:28,81,64.1835,-51.7216,47.01,18.41
367,Gladstone,0,AU,2021-07-19 19:28:39,87,-23.85,151.25,50.79,8.05
368,Hobyo,96,SO,2021-07-19 19:31:29,79,5.3505,48.5268,77.38,25.84
369,Sabang,98,ID,2021-07-19 19:31:29,75,5.8933,95.3214,82.58,21.83
370,Ilabaya,100,PE,2021-07-19 19:31:30,29,-17.4208,-70.5133,75.02,6.89
371,Iqaluit,75,CA,2021-07-19 19:30:13,66,63.7506,-68.5145,47.93,9.22
372,Qandala,55,SO,2021-07-19 19:31:30,47,11.472,49.8728,91.2,13.56
373,Yenagoa,99,NG,2021-07-19 19:22:21,88,4.9247,6.2642,75.18,5.73
374,Agirish,5,RU,2021-07-19 19:31:31,73,61.9247,63.0231,59.9,5.61
375,Bayji,0,IQ,2021-07-19 19:31:31,7,34.9311,43.487,104.16,22.48
376,Sao Felix Do Xingu,2,BR,2021-07-19 19:31:32,21,-6.6447,-51.995,96.35,3.36
377,Mweka,70,CD,2021-07-19 19:31:32,33,-4.85,21.5667,73.36,1.48
378,Ijui,0,BR,2021-07-19 19:26:51,59,-28.3878,-53.9147,57.22,7.63
379,Antalaha,86,MG,2021-07-19 19:28:50,88,-14.9003,50.2788,70.84,9.33
380,Kahului,40,US,2021-07-19 19:31:33,84,20.8947,-156.47,79.86,19.57
381,Portsmouth,7,GB,2021-07-19 19:31:33,85,50.799,-1.0913,84.97,5.08
382,Geraldton,90,AU,2021-07-19 19:31:07,94,-28.7667,114.6,55.81,4.61
383,Mareeba,98,AU,2021-07-19 19:28:55,93,-17.0,145.4333,67.44,1.81
384,Avrille,0,FR,2021-07-19 19:31:34,45,47.5,-0.5833,82.38,8.59
385,Lastoursville,100,GA,2021-07-19 19:31:35,67,-0.8143,12.7287,78.42,2.3
386,Mackay,5,AU,2021-07-19 19:31:35,100,-21.15,149.2,54.05,5.75
387,Fort Saint James,37,CA,2021-07-19 19:31:35,38,54.4333,-124.25,75.58,2.3
388,Vilyuysk,100,RU,2021-07-19 19:31:36,88,63.7553,121.6247,58.17,4.38
389,Templin,78,DE,2021-07-19 19:31:36,71,53.1186,13.5022,65.71,5.79
390,Roanoke,75,US,2021-07-19 19:31:28,61,37.271,-79.9414,86.97,4.0
391,Jamundi,31,CO,2021-07-19 19:31:37,45,3.2607,-76.535,88.29,5.7
392,Samarai,95,PG,2021-07-19 19:23:46,80,-10.6167,150.6667,79.0,14.36
393,Arvi,100,IN,2021-07-19 19:31:37,71,20.9833,78.2333,83.03,12.39
394,Remedios,30,CU,2021-07-19 19:31:38,76,22.4947,-79.5458,92.32,13.8
395,Lata,1,PT,2021-07-19 19:22:25,71,40.1629,-8.3327,64.92,6.98
396,Vanavara,100,RU,2021-07-19 19:25:24,56,60.34,102.2797,62.69,4.29
397,Upanema,54,BR,2021-07-19 19:31:39,49,-5.6419,-37.2578,89.28,17.98
398,Westport,90,US,2021-07-19 19:30:56,79,41.1415,-73.3579,81.19,1.01
399,Rabo De Peixe,40,PT,2021-07-19 19:31:39,88,37.8,-25.5833,69.31,13.8
400,Sheltozero,43,RU,2021-07-19 19:31:40,68,61.3667,35.3667,59.29,7.56
401,Teya,88,RU,2021-07-19 19:31:40,92,60.3778,92.6267,54.36,7.92
402,Mitu,36,CO,2021-07-19 19:31:40,85,1.1983,-70.1733,79.77,0.38
403,Coihueco,56,CL,2021-07-19 19:31:41,50,-36.6167,-71.8333,63.97,5.26
404,Rovaniemi,0,FI,2021-07-19 19:29:08,62,66.5,25.7167,56.61,10.36
405,Turka,100,UA,2021-07-19 19:31:41,99,49.1541,23.0297,65.26,3.83
406,La Solana,7,ES,2021-07-19 19:31:42,19,38.9442,-3.2381,91.6,8.05
407,Ust-Shonosha,1,RU,2021-07-19 19:31:42,80,61.1531,41.343,52.93,3.02
408,Den Helder,1,NL,2021-07-19 19:31:43,75,52.9599,4.7593,65.07,5.99
409,Saint Anthony,20,US,2021-07-19 19:30:06,39,45.0205,-93.218,91.15,1.99
410,Saint-Pierre,75,RE,2021-07-19 19:31:43,81,-21.3393,55.4781,69.48,18.41
411,Fort Nelson,75,CA,2021-07-19 19:23:15,60,58.8053,-122.7002,67.59,5.75
412,Dhilwan,100,IN,2021-07-19 19:31:44,90,31.5169,75.35,82.4,11.43
413,Katherine,64,AU,2021-07-19 19:22:52,51,-14.4667,132.2667,57.52,8.05
414,Bontang,24,ID,2021-07-19 19:31:44,91,0.1333,117.5,76.75,4.76
415,La Reina,0,CL,2021-07-19 19:31:45,15,-33.45,-70.55,78.01,6.71
416,Saint-Francois,0,FR,2021-07-19 19:22:50,52,46.4154,3.9054,78.24,5.75
417,Kondinskoye,8,RU,2021-07-19 19:22:26,88,59.6481,67.41,60.87,5.55
418,Litovko,100,RU,2021-07-19 19:31:46,87,49.2361,135.1742,67.87,2.42
419,Olkhovka,43,RU,2021-07-19 19:31:46,75,53.2115,60.6069,63.66,4.45
420,Filingue,43,NE,2021-07-19 19:22:57,34,14.3521,3.3168,95.47,7.52
421,Kenai,75,US,2021-07-19 19:29:19,80,60.5544,-151.2583,70.03,14.97
422,Omboue,60,GA,2021-07-19 19:31:47,83,-1.5746,9.2618,72.84,9.75
423,Qui Nhon,100,VN,2021-07-19 19:31:48,72,13.7667,109.2333,81.36,13.94
424,Chanika,25,TZ,2021-07-19 19:31:48,99,-5.4167,38.0167,61.48,3.56
425,Emba,1,KZ,2021-07-19 19:31:48,41,48.8264,58.1442,79.09,10.63
426,Manokwari,96,ID,2021-07-19 19:31:49,83,-0.8667,134.0833,77.09,2.39
427,Luanda,75,AO,2021-07-19 19:23:35,88,-8.8368,13.2343,71.6,10.36
428,Guerrero Negro,28,MX,2021-07-19 19:31:49,51,27.9769,-114.0611,83.08,15.82
429,Hudson Bay,0,CA,2021-07-19 19:31:50,37,52.85,-102.3842,78.03,8.25
430,Xichang,7,CN,2021-07-19 19:31:50,85,27.8964,102.2634,63.46,2.04
431,Turan,40,VN,2021-07-19 19:29:06,83,16.0678,108.2208,84.25,3.44
432,Puerto Ayacucho,100,VE,2021-07-19 19:31:51,84,5.6639,-67.6236,77.41,5.5
433,Comodoro Rivadavia,40,AR,2021-07-19 19:20:32,41,-45.8667,-67.5,60.66,16.11
434,Biak,100,ID,2021-07-19 19:27:24,80,-0.9131,122.8766,74.77,6.22
435,Chemal,5,RU,2021-07-19 19:31:51,97,51.4111,86.005,55.0,2.86
436,Herat,0,AF,2021-07-19 19:23:49,15,34.5,62.0,80.85,18.61
437,Gualan,50,GT,2021-07-19 19:31:52,51,15.1333,-89.3667,89.06,6.64
438,Vostok,24,RU,2021-07-19 19:31:53,86,46.4856,135.8833,66.76,3.78
439,Shar,14,KZ,2021-07-19 19:31:53,67,49.5886,81.0453,65.95,5.99
440,Tromso,75,NO,2021-07-19 19:27:16,71,69.6496,18.957,46.42,3.0
441,Hun,3,LY,2021-07-19 19:31:53,29,29.1268,15.9477,86.18,8.55
442,Palmer,90,US,2021-07-19 19:31:54,87,42.1584,-72.3287,76.21,14.97
443,Mount Isa,5,AU,2021-07-19 19:27:49,57,-20.7333,139.5,46.17,5.75
444,Gawler,100,AU,2021-07-19 19:31:51,92,-34.6,138.7333,54.91,10.09
445,Idlib,0,SY,2021-07-19 19:31:55,50,35.9306,36.6339,78.19,8.16
446,Qaqortoq,100,GL,2021-07-19 19:22:08,98,60.7167,-46.0333,52.3,4.74
447,Tura,100,IN,2021-07-19 19:31:56,95,25.5198,90.2201,74.89,5.1
448,Weligama,100,LK,2021-07-19 19:31:56,82,5.9667,80.4167,79.88,13.76
449,Dargaville,23,NZ,2021-07-19 19:31:57,77,-35.9333,173.8833,51.08,6.22
450,Iralaya,100,HN,2021-07-19 19:31:57,85,15.0,-83.2333,81.63,15.23
451,Garissa,61,KE,2021-07-19 19:31:57,69,-0.4536,39.6401,75.22,19.77
452,Cayenne,90,GF,2021-07-19 19:23:19,83,4.9333,-52.3333,86.04,1.99
453,Juneau,40,US,2021-07-19 19:31:41,84,58.3019,-134.4197,64.85,13.8
454,Naryan-Mar,100,RU,2021-07-19 19:31:58,88,67.6713,53.087,54.28,8.03
455,Karasjok,100,NO,2021-07-19 19:31:59,85,69.4719,25.5112,51.91,21.74
456,Xining,52,CN,2021-07-19 19:31:59,81,36.6167,101.7667,56.64,2.37
457,Lazdijai,1,LT,2021-07-19 19:31:59,91,54.2333,23.5167,58.77,6.91
458,Ust-Tsilma,100,RU,2021-07-19 19:27:19,98,65.441,52.1498,60.57,4.76
459,Zaoyang,100,CN,2021-07-19 19:32:00,97,32.1272,112.7542,74.21,2.77
460,Simao,100,CN,2021-07-19 19:32:00,98,22.7886,100.9748,65.97,1.36
461,Walvis Bay,0,NA,2021-07-19 19:32:01,56,-22.9575,14.5053,61.09,5.48
462,Riobamba,75,EC,2021-07-19 19:32:01,77,-1.6667,-78.6333,61.16,23.02
463,Muisne,82,EC,2021-07-19 19:32:02,82,0.6,-80.0333,86.11,9.33
464,Maumere,13,ID,2021-07-19 19:32:02,77,-8.6199,122.2111,75.65,1.61
465,Carman,2,CA,2021-07-19 19:32:03,33,49.4992,-98.0016,68.07,9.15
466,Itaituba,20,BR,2021-07-19 19:32:03,55,-4.2761,-55.9836,93.36,5.75
467,Marfino,0,RU,2021-07-19 19:32:03,85,55.7028,37.3822,73.54,8.95
468,Nizwa,66,OM,2021-07-19 19:32:04,52,22.9333,57.5333,89.51,4.94
469,Kaa-Khem,41,RU,2021-07-19 19:32:04,72,51.6833,94.7333,59.05,2.62
470,Bellary,100,IN,2021-07-19 19:32:05,82,15.15,76.9333,75.16,15.97
471,Port Macquarie,1,AU,2021-07-19 19:32:05,72,-31.4333,152.9167,39.88,9.35
472,Borovoy,0,RU,2021-07-19 19:32:06,88,55.4333,86.0833,60.08,4.47
473,Chipata,76,ZM,2021-07-19 19:32:06,57,-13.6333,32.65,58.57,4.81
474,Betioky,76,MG,2021-07-19 19:32:06,59,-23.7167,44.3833,69.12,11.03
475,Ekpoma,100,NG,2021-07-19 19:32:07,96,6.7421,6.139,70.74,5.19
476,Dafeng,80,CN,2021-07-19 19:32:07,85,23.4517,108.5881,79.25,1.59
477,Eyl,100,SO,2021-07-19 19:21:30,75,7.9803,49.8164,78.04,27.34
478,Bocas Del Toro,100,PA,2021-07-19 19:32:08,76,9.3333,-82.25,92.07,8.61
479,Klaksvik,60,FO,2021-07-19 19:32:08,95,62.2266,-6.589,50.92,12.75
480,Nome,90,US,2021-07-19 19:32:09,88,64.5011,-165.4064,60.17,11.5
481,Vanimo,88,PG,2021-07-19 19:27:44,90,-2.6741,141.3028,76.48,1.86
482,Kamaishi,100,JP,2021-07-19 19:32:09,83,39.2667,141.8833,74.62,4.05
483,Yaan,85,NG,2021-07-19 19:32:10,94,7.3833,8.5667,72.99,4.97
484,Vardo,75,NO,2021-07-19 19:22:48,87,70.3705,31.1107,49.98,6.91
485,Voznesenye,61,RU,2021-07-19 19:32:10,65,61.0106,35.4781,60.51,5.01
486,Wanning,100,CN,2021-07-19 19:27:35,85,18.8003,110.3967,79.77,3.56
487,Rorvik,75,NO,2021-07-19 19:32:11,100,64.8621,11.2373,51.91,18.41
488,Basco,100,PH,2021-07-19 19:32:11,91,20.4487,121.9702,78.82,13.47
489,Los Llanos De Aridane,75,ES,2021-07-19 19:32:12,78,28.6585,-17.9182,69.55,14.97
490,Port Shepstone,0,ZA,2021-07-19 19:32:12,60,-30.7414,30.455,60.93,7.2
491,Lazaro Cardenas,11,MX,2021-07-19 19:32:12,57,17.9583,-102.2,89.17,3.04
492,Khonsa,96,IN,2021-07-19 19:32:13,98,27.0167,95.5667,69.69,2.48
493,Flinders,4,AU,2021-07-19 19:32:13,68,-34.5833,150.8552,51.19,10.0
494,Sur,13,OM,2021-07-19 19:32:14,60,22.5667,59.5289,89.49,16.06
495,Taoudenni,23,ML,2021-07-19 19:32:14,7,22.6783,-3.9836,110.08,5.82
496,Gat,11,IL,2021-07-19 19:32:14,100,31.61,34.7642,82.81,9.17
497,Son La,100,VN,2021-07-19 19:32:15,99,21.3167,103.9,69.73,1.01
498,Roma,75,US,2021-07-19 19:32:03,68,43.2128,-75.4557,83.43,9.22
499,Tete,20,MZ,2021-07-19 19:32:15,43,-16.1564,33.5867,71.69,4.61
500,Kidal,100,ML,2021-07-19 19:32:16,17,18.4411,1.4078,101.62,10.2
501,Bilma,84,NE,2021-07-19 19:32:16,22,18.6853,12.9164,96.26,11.83
502,Bandiagara,47,ML,2021-07-19 19:27:36,32,14.3501,-3.6104,93.33,1.12
503,Mineiros,2,BR,2021-07-19 19:32:17,11,-17.5694,-52.5511,73.65,12.8
504,Dakar,20,SN,2021-07-19 19:27:56,83,14.6937,-17.4441,83.28,4.61
505,Kurumkan,99,RU,2021-07-19 19:32:17,98,54.3,110.3,62.65,4.52
506,Alice Springs,8,AU,2021-07-19 19:23:12,65,-23.7,133.8833,42.35,0.0
507,Fowa,41,NG,2021-07-19 19:32:18,91,8.9167,6.4,73.78,4.16
508,Padang,100,ID,2021-07-19 19:28:41,78,-0.9492,100.3543,76.84,4.14
509,Carmen,20,MX,2021-07-19 19:32:18,66,18.6333,-91.8333,86.04,10.36
510,Shimoda,23,JP,2021-07-19 19:28:11,89,34.6667,138.95,76.1,3.91
511,Umm Lajj,97,SA,2021-07-19 19:32:19,62,25.0213,37.2685,87.69,5.06
512,Yulara,8,AU,2021-07-19 19:21:03,53,-25.2406,130.9889,49.84,6.91
513,Itupiranga,0,BR,2021-07-19 19:32:20,29,-5.1347,-49.3267,97.12,2.55
514,Sao Joao Da Barra,100,BR,2021-07-19 19:22:32,71,-21.6403,-41.0511,71.69,16.26
515,Salinopolis,6,BR,2021-07-19 19:23:37,77,-0.6136,-47.3561,82.62,9.46
516,Mahdasht,0,IR,2021-07-19 19:32:20,32,35.7299,50.8111,88.02,4.61
517,Freetown,100,SL,2021-07-19 19:32:21,84,8.484,-13.2299,78.64,7.47
518,Dawei,100,MM,2021-07-19 19:32:21,94,14.0833,98.2,75.83,7.76
519,Dingle,100,PH,2021-07-19 19:32:22,89,10.9995,122.6711,76.6,8.59
520,Tororo,83,UG,2021-07-19 19:32:22,72,0.693,34.1809,67.42,2.17
521,Burkburnett,75,US,2021-07-19 19:32:23,59,34.0979,-98.5706,88.9,1.99
522,Innisfail,97,AU,2021-07-19 19:32:23,86,-17.5333,146.0333,68.52,3.49
523,Bandarbeyla,100,SO,2021-07-19 19:32:24,80,9.4942,50.8122,77.52,31.63
524,Udupi,84,IN,2021-07-19 19:29:02,85,13.35,74.75,78.04,10.47
525,Port Hardy,75,CA,2021-07-19 19:30:05,63,50.6996,-127.4199,62.78,5.75
526,Seidu,96,SL,2021-07-19 19:32:25,95,9.0167,-10.6,70.84,3.02
527,Pangnirtung,90,CA,2021-07-19 19:32:25,93,66.1451,-65.7125,44.6,11.5
528,Barcelos,7,PT,2021-07-19 19:29:52,75,41.5388,-8.6151,67.84,5.97
529,Pochutla,34,MX,2021-07-19 19:32:25,51,15.7432,-96.4661,91.81,8.28
530,Osoyoos,0,CA,2021-07-19 19:32:26,26,49.0331,-119.4524,99.34,2.3
531,Chengdu,20,CN,2021-07-19 19:28:17,94,30.6667,104.0667,75.09,2.24
532,Mecca,100,SA,2021-07-19 19:32:15,32,21.4267,39.8261,89.74,1.9
533,Achacachi,100,BO,2021-07-19 19:32:27,55,-16.05,-68.6833,49.39,8.16
534,Aksarka,31,RU,2021-07-19 19:32:27,78,66.5606,67.7975,57.24,7.0
535,Marsh Harbour,6,BS,2021-07-19 19:32:27,71,26.5412,-77.0636,83.95,13.91
536,Guatire,73,VE,2021-07-19 19:32:28,91,10.4762,-66.5427,81.1,4.52
537,Teacapan,34,MX,2021-07-19 19:32:28,66,22.55,-105.75,88.52,11.63
538,Key Largo,96,US,2021-07-19 19:31:41,72,25.0865,-80.4473,90.0,11.48
539,Lac-Megantic,100,CA,2021-07-19 19:32:29,96,45.5834,-70.8823,77.92,3.24
540,Veshenskaya,45,RU,2021-07-19 19:32:29,45,49.6303,41.7334,79.14,3.98
541,Santa Maria Del Oro,0,MX,2021-07-19 19:32:30,30,25.9333,-105.3667,84.72,7.36
542,Chongwe,4,ZM,2021-07-19 19:32:30,59,-15.3292,28.682,52.47,3.06
543,Santarem,20,BR,2021-07-19 19:32:30,70,-2.4431,-54.7083,87.93,9.22
544,Sola,15,VU,2021-07-19 19:32:31,78,-13.8833,167.55,79.34,11.3
545,Santa Isabel Do Rio Negro,90,BR,2021-07-19 19:32:31,61,-0.4139,-65.0192,85.68,2.71
546,Yelniki,85,RU,2021-07-19 19:32:32,95,54.6207,43.876,66.92,3.47
547,Kirakira,100,SB,2021-07-19 19:32:32,77,-10.4544,161.9205,78.98,7.76
548,Nador,0,MA,2021-07-19 19:32:33,53,35.174,-2.9287,84.27,17.27
549,Filadelfia,75,US,2021-07-19 19:30:14,49,39.9523,-75.1638,89.83,1.99
550,Salalah,75,OM,2021-07-19 19:32:33,94,17.0151,54.0924,78.89,6.91
551,Mitsamiouli,22,KM,2021-07-19 19:32:34,71,-11.3847,43.2844,77.65,5.95
552,Tessalit,100,ML,2021-07-19 19:32:34,8,20.1986,1.0114,102.88,0.76
553,Atar,6,MR,2021-07-19 19:32:34,15,20.5169,-13.0499,103.12,14.58
554,Mulbagal,52,IN,2021-07-19 19:32:35,83,13.1667,78.4,69.51,17.65
555,Sao Raimundo Nonato,16,BR,2021-07-19 19:32:35,24,-9.0153,-42.6994,92.34,7.38
